{"cameraMode":{"drawMode":0,"name":"Shaded","section":"Shading Mode"},"sceneLighting":true,"audioPlay":false,"sceneViewState":{"showFog":true,"showMaterialUpdate":false,"showSkybox":true,"showFlares":true,"showImageEffects":true,"showParticleSystems":true},"in2DMode":false,"pivot":{"x":2.491542339324951,"y":-0.30879974365234377,"z":-0.18629097938537599},"rotation":{"x":-0.5499511957168579,"y":0.003003680380061269,"z":-0.0019778101705014707,"w":-0.8351891040802002},"size":9.412840843200684,"orthographic":false}